lat,lon,Methan_june11,Methane_june26,Methane_Aug,Methane_Jan,WUE_june11,WUE_june26,WUE_Aug,WUE_Jan,,ET_june11,ET_june26,ET_Aug,ET_Jan,Nitrogen_june11,Nitrogen_june26,Nitrogen_Aug,Nitrogen_Jan,,GPP_june11,GPP_june26,GPPAug,GPP_Jan
38.80625713,-121.5934328,,1893.87099,1895.27549,1896.156346,2.611702128,2.006521739,2.760416667,0.625,,188,230,192,24,71.58467865,69.72428894,81.29375458,100.0272903,,491.0000001,461.5,530.0000001,15
38.81093895,-121.5881113,,1894.47465,1898.459697,1893.191032,2.402234637,2.072687225,2.691919192,0.714285714,,179,227,198,21,71.71701813,72.12534332,80.65190887,105.5960464,,430,470.5000001,533,14.99999999
38.81187527,-121.5767816,,1894.297717,1897.755504,1883.466103,4.189655172,5.608333333,7.333333333,3.285714286,,58,60,48,14,48.02394104,45.43386459,47.07991409,57.01630783,,243,336.5,352,46
38.81776047,-121.5948061,,1894.47465,1898.499568,1893.515503,2.649171271,2.48372093,2.596685083,1.896551724,,181,215,181,29,72.54790497,64.53233337,78.40709686,120.9778976,,479.5000001,534,470,55
38.82217404,-121.5136102,,1897.976221,1899.971748,1888.483156,1.24702381,1.44278607,2.063492063,4.181818182,,168,201,189,22,92.80104828,73.1918869,78.19245148,45.81070709,,209.5000001,290.0000001,389.9999999,92
38.82431386,-121.5955373,,1894.47465,1900.522452,1894.360311,2.310810811,2.273913043,2.579487179,2.580645161,,185,230,195,31,71.10426331,73.48284912,80.1086731,93.12773895,,427.5,522.9999999,502.9999999,79.99999999
38.82471507,-121.5891858,,1894.47465,1900.095782,1891.221619,2.028846154,2.1,2.424242424,5.368421053,,156,195,165,19,64.20398712,68.64183807,75.01682281,53.95606232,,316.5,409.5,400,102
38.82760982,-121.5534802,,1896.198068,1900.722046,1883.313477,5.18115942,6.336065574,3.728813559,4.588235294,,69,61,59,17,55.56557846,42.46754837,43.7519989,70.3735199,,357.5,386.5,220,78
38.83416231,-121.5045567,,1896.785299,1899.650815,1888.629552,1.745614035,2.035555556,2.685279188,3.517241379,,171,225,197,29,82.83811951,72.59435272,80.83370209,115.5674133,,298.5,458.0000001,529,102
38.83501198,-121.5862675,,1894.908505,1902.430795,1887.13891,2.095744681,2.477678571,2.424870466,5.882352941,,188,224,193,17,69.52310944,72.43785095,81.25469208,49.92284012,,394,554.9999999,467.9999999,100
38.83884229,-121.4997502,,1899.690997,1899.707422,1888.509565,2.182080925,2.402777778,1.6,1.709677419,,173,216,190,31,74.41356659,65.71717834,77.55812073,92.96701813,,377.5,519,304,52.99999999
38.83977825,-121.5050717,,1896.785299,1899.650815,1888.629552,2.051630435,2.316964286,1.652173913,1.65625,,184,224,184,32,70.40841675,71.91062927,82.54544067,112.5669632,,377.5,519.0000001,304,53
38.84312086,-121.5780278,,1894.458555,1901.925052,1882.987915,2.135638298,2.307522124,1.892307692,5.75862069,,188,226,195,29,71.70939636,70.48188019,81.60342407,104.1804962,,401.5,521.5,368.9999999,167
38.84325456,-121.494772,,1894.490553,1899.648136,1890.996937,2.405325444,2.139150943,2.511111111,1.678571429,,169,212,180,28,59.2509613,69.1894455,68.80922699,76.85375977,,406.5,453.4999999,452,47.00000001
38.84517371,-121.605322,,1893.649667,1901.713544,1900.234253,4.925925926,5.237113402,6.451612903,8.733333333,,81,97,62,15,55.27318192,49.90188599,47.43460464,55.56161499,,399,508,400,131
38.84823013,-121.5198067,,1891.793635,1899.720529,1882.987915,1.336419753,1.435323383,2.059139785,5.125,,162,201,186,16,77.60464478,64.80097198,68.69430542,41.65609741,,216.5,288.5,383,82
38.84940454,-121.560175,,1894.179463,1902.379771,1882.987915,5.220588235,4.744680851,5.275,4.2,,68,47,40,30,57.08746338,46.67528152,44.3686676,72.94202423,,355,223,211,126
38.85047405,-121.5375157,,1891.332815,1899.649466,1882.987915,0.907514451,1.725806452,1.792349727,7.058823529,,173,217,183,17,81.97258759,70.42339325,79.7468338,44.45081329,,157,374.5000001,328,120
38.85394983,-121.5615483,,1893.980637,1902.560423,1882.987926,2.567375887,3.183333333,3.5,5.111111111,,141,90,78,18,66.49230957,56.68819046,43.39356232,67.51147461,,362.0000001,286.5,273,92
38.85435087,-121.4935704,,1894.114505,1899.869073,1890.264634,2.198924731,2.168122271,2.873626374,3.344827586,,186,229,182,29,69.17194366,72.51555634,79.06842804,100.7559586,,409,496.5000001,523.0000001,96.99999999
38.85551595,-121.5784291,,1894.504212,1898.638745,1882.987913,3.021126761,2.316176471,2.913978495,2.8125,,142,136,93,32,71.32071686,58.19946671,44.88676834,76.88816071,,429.0000001,315.0000001,271,90
38.8560586,-121.6439012,,1889.737886,1894.765418,1900.234253,0,0,0,0,,152,190,154,24,62.69220352,68.02436829,63.51085281,75.13996887,,0,0,0,0
38.85705323,-121.5215233,,1891.296611,1899.66973,1882.987915,5.757575758,3.038095238,2.176100629,8.125,,66,105,159,16,48.36924744,45.25421524,67.24893188,43.65870667,,380,319,346,130
38.8624652,-121.5027917,,1893.332003,1899.222024,1891.005453,2.562162162,2.278508772,2.5625,2.952380952,,185,228,192,21,73.69101715,69.14344025,80.95631409,33.41882706,,474,519.5,492,61.99999999
38.8680789,-121.4950669,,1894.182307,1900.058498,1889.06852,1.867403315,2.431111111,2.414893617,2.074074074,,181,225,188,27,70.16669464,74.28955841,78.14520264,48.80340576,,338,547,454,56
38.8714918,-121.6356615,,1889.60519,1893.960931,1894.880226,2.945454545,3.533898305,5.307692308,2.333333333,,110,118,91,21,58.59077835,57.85366821,50.68431473,75.18076324,,324,417,483,48.99999999
38.87462766,-121.5283692,,1890.326098,1896.819209,1888.81592,1.420454545,1.930875576,2.605128205,1.057142857,,176,217,195,35,87.6605835,80.52411652,78.09055328,73.73863983,,249.9999999,419,508,37
38.87596407,-121.4833939,,1895.642467,1900.597921,1888.725501,6.191489362,9.359649123,15.71875,0.484848485,,47,57,32,33,46.82285309,46.04444504,46.40167999,97.21936798,,291,533.5,503,16.00000001
38.87623135,-121.5501702,,1891.193144,1894.411704,1883.081543,1.702312139,2.088372093,2.729166667,6.368421053,,173,215,192,19,71.70252228,71.41545105,81.24084473,72.21641541,,294.5,449,524.0000001,121
38.87737207,-121.6325716,,1889.60519,1893.960931,1894.880226,2.005780347,1.742857143,1.818681319,1.533333333,,173,210,182,30,76.32720947,78.06562805,70.79103088,64.0455246,,347,366,331.0000001,45.99999999
38.87957224,-121.5129197,,1890.326111,1897.217635,1888.81594,2.047486034,1.778846154,2.098445596,1.166666667,,179,208,193,36,84.93347168,78.43016052,74.86399078,86.69940948,,366.5000001,370,405,42.00000001
38.87994944,-121.4725786,,1895.693281,1901.893031,1891.147689,2.413636364,1.82038835,2.6,2.428571429,,110,206,190,21,59.60961151,90.08560181,73.93856812,112.2824478,,265.5,375.0000001,494,51.00000001
38.88010677,-121.4936936,,1895.316452,1899.257478,1885.185317,1.787234043,2.689956332,2.639593909,1.533333333,,188,229,197,30,70.98174286,77.47979736,81.0083313,113.7552567,,336.0000001,616,520.0000001,45.99999999
38.88037403,-121.4787591,,1895.58745,1902.141998,1888.963755,2.806338028,3.051813472,2.687861272,1,,142,193,173,26,61.43680954,65.02341461,68.70468903,79.74976349,,398.5,589.0000001,465.0000001,26
38.88079137,-121.6239885,,1886.347291,1893.221599,1888.525391,2.735294118,2.205882353,2.507772021,3.277777778,,170,221,193,18,78.11701202,73.49546814,77.33770752,39.86856842,,465.0000001,487.5,484.0000001,59
38.88358111,-121.5501702,,1887.784254,1893.936154,1884.843639,3.26744186,3.891304348,5.953125,5.55,,86,92,64,20,60.45129776,47.17743301,45.2514534,65.66588593,,281,358,381,111
38.88545184,-121.502105,,1891.492937,1896.366961,1884.975984,1.6375,2.448356808,2.9,3.333333333,,200,213,180,24,71.99393463,69.76246643,76.69114685,42.24721146,,327.5,521.5000001,522,79.99999999
38.89159817,-121.5178979,,1889.539675,1896.882507,1889.584698,3.5,2.709401709,3.012987013,4.928571429,,83,117,77,14,51.67226028,54.04059601,53.09833527,52.03635025,,290.5,317,232,69.00000001
38.89280065,-121.4780724,,1896.155161,1900.846733,1888.650757,2.675675676,2.531531532,2.347593583,2.814814815,,185,222,187,27,71.85909271,69.18587494,72.91122437,60.30101013,,495.0000001,562.0000001,439,76.00000001
38.89427032,-121.5335191,,1886.582541,1896.882507,1890.370134,1.739520958,2.071759259,2.296296296,2.689655172,,167,216,189,29,77.34624481,73.3240509,81.41701508,106.914711,,290.5,447.4999999,433.9999999,77.99999999
38.89464744,-121.5084558,,1892.905379,1896.671446,1884.315961,7.028985507,4.733009709,5.65060241,5,,69,103,83,16,49.25234604,49.16402054,50.24494171,45.7900238,,485,487.5,469,80
38.89894634,-121.4928353,,1896.119542,1898.271647,1884.567076,2.543478261,2.064732143,2.445026178,0.62962963,,184,224,191,27,67.68951416,69.77484894,80.05072784,117.6713562,,468,462.5,467,17.00000001
38.9001487,-121.5328324,1885.811029,1886.716905,1897.201463,1890.370162,2.602339181,1.944186047,2.039106145,1.75862069,,171,215,179,29,95.98107147,71.36624146,79.95796204,114.0297089,,445,418.0000001,365,51.00000001
38.90068307,-121.5022767,,1893.759137,1897.02342,1884.315961,2.870056497,2.736238532,2.696629213,1.64,,177,218,178,25,74.47074127,74.12786102,81.50834656,50.50819778,,508,596.5,479.9999999,41
38.90375565,-121.4720643,,1895.537104,1901.008014,1887.57444,3.41875,5.092307692,5.1875,5.944444444,,80,65,48,18,54.6839447,43.4393425,44.45200729,67.40821838,,273.5,331,249,107
38.90455717,-121.513263,1885.811002,1889.49393,1896.909173,1884.315949,2.583815029,3.877358491,9.622641509,,,173,159,53,2,69.86886597,74.53829193,47.17453766,48.91300964,,447,616.5000001,510,0
38.90589301,-121.4461434,,1901.86234,1904.279397,1888.715487,9.515151515,9.903225806,11.25,6.526315789,,33,31,28,19,58.06266403,45.13536453,45.94152832,71.97733307,,314,307,315,124
38.90749599,-121.4308656,,1901.86234,1904.509492,1888.833257,1.964912281,2.145089286,2.328125,2.789473684,,171,224,192,19,65.38848114,63.61922455,78.95051575,107.365654,,336.0000001,480.5000001,447,53
38.90783932,-121.4393842,,1901.86234,1904.509492,1888.833257,1.471875,1.939461883,2.62371134,3.533333333,,160,223,194,15,87.66814423,70.24099731,81.12039948,88.06058502,,235.5,432.4999999,509,53
38.91003397,-121.480819,1885.811079,1894.832761,1900.058675,1887.572998,3.48,7.692307692,8.642857143,3.4,,50,52,42,15,47.00857544,44.1733551,45.11001205,54.4973259,,174,400,363,51
38.91096899,-121.4931786,1885.810963,1895.008091,1898.194664,1885.889203,1.53021978,2.017777778,2.227979275,2.260869565,,182,225,193,23,66.62097168,72.33811188,80.68830109,97.97012329,,278.5,454.0000001,430.0000001,52
38.91150328,-121.4396203,,1900.359852,1903.628826,1887.914856,0.664772727,2.424242424,1.858585859,1.944444444,,176,231,198,18,104.968689,71.59923553,81.22442627,81.71874237,,117,559.9999999,368.0000001,34.99999999
38.91286391,-121.6188164,,1884.121253,1889.442278,1888.525391,1.676646707,1.928571429,2.082051282,1.2,,167,217,195,20,73.58072662,70.87253571,66.54808807,48.74774551,,280.0000001,418.5000001,406,24
38.91337328,-121.4238274,,1902.028835,1905.456552,1888.3649,1.076086957,2.510822511,1.384210526,0.666666667,,184,231,190,24,68.56006622,66.77791595,76.79534912,91.20500183,,198.0000001,580,262.9999999,16.00000001
38.91402504,-121.513969,1885.811021,1891.380921,1896.639011,1884.328726,1.721910112,2.105990783,1.596774194,2.565217391,,178,217,186,23,66.68732452,65.46127319,80.93524933,102.8022766,,306.4999999,456.9999999,297.0000001,58.99999999
38.91455931,-121.556026,,1887.744293,1895.938485,1885.290283,2.440340909,2.082949309,2.854748603,3.692307692,,176,217,179,26,67.80046844,57.46311569,73.11682129,65.14807892,,429.5,452.0000001,510.9999999,95.99999999
38.91652146,-121.4179265,,1902.168839,1907.460651,1888.76557,1.446022727,1.564377682,1.524324324,4.8,,176,233,185,15,75.44798279,72.32064819,81.93410492,52.67877579,,254.5,364.4999999,281.9999999,72
38.91696348,-121.5567126,,1887.744293,1895.938485,1885.290283,2.345303867,2.360189573,2.831521739,3.833333333,,181,211,184,24,68.60057068,67.36633301,79.44311523,74.01470947,,424.4999999,497.9999999,521,91.99999999
38.91829909,-121.4997211,1885.810963,1895.008091,1898.194664,1885.889203,2.179347826,2.504366812,2.706185567,0.653846154,,184,229,194,26,65.9417038,75.26941681,80.69711304,114.3617172,,401,573.4999999,525,17
38.9188494,-121.4562714,,1899.560809,1903.540566,1887.572998,1.519337017,2.284140969,2.810526316,4.461538462,,181,227,190,13,71.85567474,74.98040009,79.59024811,42.12181854,,275.0000001,518.5,534,58.00000001
38.91962706,-121.5208155,1885.811035,1889.450638,1896.929698,1891.120351,2.067934783,2.533632287,1.95212766,1.884615385,,184,223,188,26,66.93811035,74.52389526,78.9079361,101.4045334,,380.5000001,565,367.0000001,49.00000001
38.92030246,-121.4806666,1885.810999,1895.381009,1900.535796,1887.572998,4.897959184,10.05769231,11.79069767,2.4,,49,52,43,30,49.16214752,44.13779449,45.04242706,91.39761353,,240,523.0000001,506.9999998,72
38.92070313,-121.5125957,1885.811035,1893.375327,1896.66995,1888.104773,2.456521739,2.486842105,2.658291457,0.586206897,,184,228,199,29,62.8434639,71.50292206,80.88842773,113.8995514,,452,566.9999999,528.9999999,17.00000001
38.9224803,-121.6134949,,1884.861142,1888.650924,1884.784044,1.934782609,2.232142857,2.361256545,0.4375,,184,224,191,32,66.73814392,70.87861633,81.52944946,94.48483276,,356.0000001,500,451.0000001,14
38.92283998,-121.5586009,,1889.008879,1898.141697,1885.290283,2.392265193,1.837104072,2.107526882,3.952380952,,181,221,186,21,69.53657532,72.93904114,80.38240814,100.849884,,432.9999999,405.9999999,392.0000001,82.99999999
38.92283998,-121.4919963,1885.811035,1895.718632,1899.141158,1886.942875,2.369444444,2.867579909,2.62295082,0.5,,180,219,183,30,68.67864227,63.62973404,80.16299438,101.7276535,,426.4999999,628.0000001,480.0000001,15
38.9235238,-121.4210809,,1900.26623,1908.082614,1887.572985,1.593373494,2.69058296,2.821989529,4.294117647,,166,223,191,17,74.07850647,69.50231934,76.7091217,83.23274994,,264.5,600.0000001,539,73
38.92697995,-121.53268,1885.811035,1890.443217,1897.986896,1890.370118,1.91091954,1.507009346,1.700564972,1.172413793,,174,214,177,29,65.37504578,74.13665009,80.3483963,103.6474075,,332.5,322.5,301,34
38.92871599,-121.510879,1885.811035,1893.375327,1896.66995,1888.104773,3.071917808,3.415204678,3.536423841,1.642857143,,146,171,151,28,62.4460907,60.35153198,78.53970337,67.1552887,,448.5,583.9999999,534,46
38.92898307,-121.501781,1885.811035,1895.182621,1898.319727,1886.21116,2.533707865,2.292951542,2.54822335,0.607142857,,178,227,197,28,68.16770172,73.55368805,72.87627411,89.41661072,,451,520.5,502,17
38.92925015,-121.5192905,1885.811035,1893.375327,1896.66995,1888.104773,2.418918919,2.564444444,2.576719577,2.727272727,,185,225,189,33,69.36152649,75.08625793,81.81958771,116.4311447,,447.5,576.9999999,487.0000001,89.99999999
38.92951723,-121.4938846,1885.811035,1895.718632,1899.141158,1886.942875,2.165816327,2.356502242,2.752688172,0.558823529,,196,223,186,34,70.67420959,65.11418915,80.77987671,108.2884445,,424.5000001,525.5,512,18.99999999
38.92951723,-121.4732852,1885.810985,1895.222199,1902.388922,1887.572998,1.861581921,1.807692308,1.605405405,1.214285714,,177,221,185,14,70.29325867,73.76823425,80.52607727,49.68963242,,329.5,399.5000001,296.9999999,17
38.92965077,-121.5366283,1885.811035,1890.443217,1897.986896,1890.370118,7.134146341,5.313953488,5.025,2.833333333,,41,43,40,6,48.45201111,47.70423889,47.47200775,56.33630753,,292.5,228.5,201,17
38.92995882,-121.6217346,,1883.730327,1888.525495,1883.622081,1.823232323,2.2760181,2.091836735,0.482758621,,198,221,196,29,74.0103302,71.58943939,79.99446106,94.94293976,,361,503.0000001,410.0000001,14.00000001
38.93178735,-121.4653888,1885.811003,1896.919952,1902.573409,1887.580082,1.232758621,1.689497717,2.195652174,3.75,,174,219,184,16,85.67584229,71.28613281,79.55278015,47.50478363,,214.5000001,370,404,60
38.93245502,-121.4473643,1885.811071,1897.385172,1902.57548,1887.572998,1.779661017,2.623318386,2.819587629,1.733333333,,177,223,194,30,73.84457397,71.38097382,78.72415924,96.17591858,,315,585.0000001,547,51.99999999
38.93489955,-121.6196747,,1885.574449,1888.366495,1876.221978,1.726315789,2.342105263,2.207070707,0.617647059,,190,228,198,34,68.30735779,73.03720856,80.85669708,96.62989044,,327.9999999,534,437,21.00000001
38.93619385,-121.490108,1885.811035,1894.40985,1900.129336,1891.758632,2.416230366,2.411894273,2.521276596,3,,191,227,188,27,73.4835434,71.89556122,78.42154694,72.78705597,,461.4999999,547.5,474,81
38.936995,-121.5325084,1885.811035,1891.405168,1900.407313,1899.822238,2.234567901,1.807692308,2.198830409,2.192307692,,162,208,171,26,62.52161407,67.31257629,78.00545502,92.90376282,,362,376.0000001,375.9999999,56.99999999
38.936995,-121.4992061,1885.811035,1894.40985,1900.129336,1891.758632,2.574175824,2.342222222,2.841269841,1.730769231,,182,225,189,26,69.8184433,73.31622314,80.4154129,104.1604462,,468.5,527,536.9999999,45.00000001
38.93859728,-121.5083041,1885.811035,1894.330643,1899.650889,1889.672015,2.145348837,2.142533937,2.584210526,4.210526316,,172,221,190,19,71.64950562,61.02273941,81.31559753,121.7161713,,369,473.5000001,490.9999999,80
38.94157567,-121.6031952,,1888.886781,1894.845518,1894.156006,2.330555556,2.289351852,2,3.035714286,,180,216,183,28,67.89871216,72.81685638,81.03393555,65.95635223,,419.5000001,494.5,366,85.00000001
38.9425615,-121.4261663,1885.811034,1896.124553,1908.31217,1887.767633,1.480225989,2.420091324,2.887096774,1.35,,177,219,186,20,70.62420654,72.20522308,76.84461212,85.36585999,,262.0000001,530,537,27
38.94334729,-121.4081302,,1897.083505,1909.823149,1900.475722,3.01,1.705188679,2.842105263,1.125,,100,212,190,32,48.98274612,114.226265,78.16300201,59.98216248,,301,361.4999999,540,36
38.94367092,-121.4346614,1885.811072,1895.893011,1905.354991,1887.681729,1.808333333,2.475446429,2.738219895,1.206896552,,180,224,191,29,68.49892426,69.89247131,81.64199066,109.4681015,,325.4999999,554.5000001,522.9999999,35.00000001
38.94487252,-121.4286533,1885.811034,1896.124553,1908.31217,1887.767633,1.480225989,2.25,2.744791667,1.130434783,,177,222,192,23,67.09516144,74.99360657,77.7162323,64.63943481,,262.0000001,499.5,527.0000001,26.00000001
38.94647462,-121.4528575,1885.811035,1895.686972,1902.721316,1889.119674,1.639037433,2.322274882,2.916201117,0.761904762,,187,211,179,21,82.58817291,72.95558929,80.40205383,104.0289917,,306.5,490.0000001,521.9999999,16
38.94727566,-121.5143123,1885.811035,1893.573549,1900.372379,1901.661405,1.651162791,2.213270142,2.722222222,1.321428571,,172,211,180,28,64.61106873,72.38851929,78.05223846,107.105072,,284.0000001,467,490,36.99999999
38.94834369,-121.5021243,1885.811035,1894.14606,1900.907471,1901.110836,2.718918919,2.504484305,2.363157895,1.6,,185,223,190,30,69.96363068,72.98816681,80.92098236,107.3004227,,503,558.5,449.0000001,48
38.95034621,-121.4372363,1885.811035,1895.250809,1906.925361,1896.949272,1.229885057,2.475663717,2.005208333,2.35,,174,226,192,20,73.61486816,70.3653717,80.38442993,65.02097321,,213.9999999,559.5,384.9999999,47
38.9512807,-121.5186038,1885.811035,1893.116795,1900.70232,1901.742839,1.51497006,2.126213592,2.084269663,3.105263158,,167,206,178,19,67.90557861,65.83395386,72.29322815,105.6019516,,253,438,371,59
38.95234868,-121.4616122,1885.811035,1895.63239,1903.556689,1900.936684,2.18079096,2.7760181,1.901098901,4,,177,221,182,9,67.16416931,73.63654327,80.32846069,63.39389801,,385.9999999,613.5000001,346,36
38.95261567,-121.501266,1885.811035,1893.702601,1901.232244,1902.517727,2.288359788,2.278508772,2.653266332,1.75862069,,189,228,199,29,69.49255371,74.65622711,81.68830872,107.6309357,,432.4999999,519.5,528.0000001,51.00000001
38.95355013,-121.4211001,1885.811035,1895.249908,1908.249352,1896.767335,1.317258883,2.08,2.748663102,1.964285714,,197,225,187,28,71.96544647,70.59075928,80.49923706,105.8330002,,259.5,468,514.0000001,54.99999999
38.95383744,-121.6692848,1873.594368,1889.307508,1893.24708,1887.528137,0,0,0,0,,181,224,190,30,68.84288788,71.12334442,80.83200073,93.62113953,,0,0,0,0
38.95543933,-121.6946907,1873.59436,1886.17832,1886.834737,1876.615397,2.549132948,2.091517857,2.369230769,0.46875,,173,224,195,32,78.16204834,72.99624634,79.67874908,96.83391571,,441,468.5,462,15
38.95570631,-121.7611683,,1882.131183,1880.913859,1893.54811,2.544692737,1.908482143,2.21875,0.9375,,179,224,192,16,72.36389923,74.07872009,83.35110474,45.47956848,,455.4999999,427.5,426,15
38.95650725,-121.7031021,1873.59436,1886.178153,1885.27742,1876.615397,2.456521739,2.103982301,2.341584158,0.454545455,,184,226,202,33,72.86875153,74.60068512,82.39209747,111.1281662,,452,475.5,472.9999999,15.00000002
38.9567539,-121.4596286,1885.811035,1895.623001,1903.288131,1900.122354,2.436170213,2.493617021,1.783505155,0.84375,,188,235,194,32,73.02120209,75.99576569,82.47039795,113.0718613,,458,585.9999999,346.0000001,27
38.95688739,-121.4548221,1885.811035,1895.623001,1903.288131,1900.122354,2.289617486,2.896995708,2.809278351,1.166666667,,183,233,194,30,75.02703094,73.59384918,81.64466858,117.5244446,,418.9999999,675,545.0000001,35.00000001
38.95772927,-121.6208763,,1886.457625,1891.442427,1887.528144,2.543010753,2.390625,2.494680851,0.5,,186,224,188,28,70.80724335,72.3319397,80.38706207,105.7106476,,473.0000001,535.5,469,14
38.95850954,-121.7429276,1873.594312,1880.244751,1879.52239,1875.953704,2.775,4.903846154,3.155172414,1.333333333,,100,78,116,18,45.58747864,50.33823776,54.26332474,48.38464737,,277.5,382.5,366,23.99999999
38.95910004,-121.4398876,1885.811035,1895.250809,1906.925361,1896.949272,2.431318681,2.623893805,2.821989529,0.607142857,,182,226,191,28,69.06116486,73.23373413,80.81491089,103.5912247,,442.4999999,592.9999999,539,17
38.96003441,-121.4170566,1885.811035,1895.249908,1910.525874,1904.350914,1.861413043,2.156950673,2.217877095,1.060606061,,184,223,179,33,69.3370285,70.96264648,82.29727936,100.0663071,,342.4999999,481.0000001,397,35.00000001
38.96049145,-121.4959445,1885.811035,1893.147031,1902.510521,1903.306315,2.652631579,2.260089686,2.697297297,1.357142857,,190,223,185,14,72.47988129,73.71422577,80.70042419,106.2831192,,504,504,498.9999999,19
38.96102537,-121.4687267,1885.811035,1895.810804,1903.919431,1903.306315,1.9175,2.17721519,2.346938776,1.740740741,,200,237,196,27,69.46682739,72.94509125,79.60191345,109.0426483,,383.5,516,460.0000001,47.00000001
38.96238047,-121.695034,1873.59436,1886.17832,1894.086731,1875.924365,2.598870056,2.144444444,2.133333333,2.0625,,177,225,195,32,70.91699982,74.45925903,81.169487,100.9962845,,459.9999999,482.4999999,415.9999999,66
38.96512181,-121.4368093,1885.811035,1895.255041,1907.982051,1900.73015,2.426229508,2.704845815,2.848958333,0.653846154,,183,227,192,26,67.73849487,72.55211639,81.23232269,106.4008331,,444,614,546.9999999,17
38.96523999,-121.4649501,1885.811035,1895.810804,1903.919431,1903.306315,2.211538462,2.315555556,2.784210526,2.538461538,,182,225,190,13,66.43865967,71.23918915,78.72222137,106.6755447,,402.5000001,521.0000001,528.9999999,32.99999999
38.96577387,-121.4709583,1885.811035,1895.627983,1903.92052,1903.306315,2.083333333,2.294247788,2.408376963,1.333333333,,168,226,191,12,89.02354431,70.03398895,79.76647186,54.63181686,,349.9999999,518.5000001,459.9999999,16
38.96667224,-121.6785545,1873.59436,1890.453451,1898.591426,1882.654155,0,0,0,0,,186,220,190,35,74.51105499,75.44415283,79.20584869,101.4428864,,0,0,0,0
38.96724203,-121.4285579,1885.811035,1895.249908,1908.172514,1904.811699,2.192105263,2.41350211,2.81025641,4.05,,190,237,195,20,69.10175323,73.07458496,78.56681061,111.2417831,,416.5,572.0000001,548,81
38.9685767,-121.4654651,1885.811035,1895.810804,1903.919431,1903.306315,2.304469274,1.952702703,2.38172043,3,,179,222,186,13,68.0457077,66.00800323,79.6371994,49.81271744,,412.5,433.5000001,443,39
38.96977787,-121.4005771,1885.811035,1895.249908,1910.740771,1901.801606,1.907692308,2.050632911,2.189393939,1.703703704,,130,158,132,27,64.85100555,70.55879974,79.884552,117.2685852,,248,323.9999999,288.9999999,46.00000001
38.97626079,-121.5316985,1879.212646,1892.569513,1900.804515,1899.832115,2.076704545,1.564593301,2.258426966,3.25,,176,209,178,24,68.53780365,70.80435181,77.46829987,102.1766052,,365.4999999,326.9999999,401.9999999,78
38.97786209,-121.7235745,1873.59436,1882.743664,1885.019498,1881.584131,3.021276596,2.17264574,1.962962963,2.068965517,,188,223,189,29,73.01464081,77.21051788,83.01226044,96.71588898,,568,484.5,371,59.99999999
38.97841652,-121.6467972,1873.59436,1889.799445,1902.203946,1895.302328,2.656756757,1.661835749,2.395604396,3.333333333,,185,207,182,30,76.99798584,72.87844086,79.66802979,86.92743683,,491.5,344,436.0000001,99.99999999
38.9796827,-121.7768999,,1877.602289,1882.129475,1891.450989,1.785310734,1.745454545,1.880829016,1.058823529,,177,220,193,17,68.98395538,72.85214996,83.37190247,51.97023392,,315.9999999,383.9999999,363.0000001,17.99999999
38.97992033,-121.4180866,1885.811035,1895.552613,1910.654321,1906.272499,2.252941176,2.404761905,2.474860335,1.769230769,,170,210,179,26,68.10707092,71.29587555,79.47831726,103.1367493,,382.9999999,505.0000001,443,45.99999999
38.98032066,-121.4237514,1885.811035,1896.624028,1909.616702,1906.005575,2.479041916,2.090452261,2.363636364,3,,167,199,165,26,62.74393082,66.58247375,79.04740906,102.5289764,,414,415.9999999,390.0000001,78
38.98107529,-121.5277782,1879.212646,1890.542484,1900.1367,1899.187766,2.720430108,2.11036036,2.352631579,0.791666667,,186,222,190,24,67.54558563,71.29541779,78.90883636,94.67530823,,506.0000001,468.4999999,447,19.00000001
38.98174249,-121.5300098,1879.212646,1890.957761,1900.221742,1899.032427,2.513812155,2.051401869,2.351351351,0.555555556,,181,214,185,27,64.42655945,70.71168518,77.57176971,93.02279663,,455.0000001,439,434.9999999,15.00000001
38.9837964,-121.7921777,,1878.39551,1885.507343,1891.450989,1.72972973,1.63800905,1.75257732,4,,185,221,194,5,68.70127106,74.56977081,80.76380157,51.22742844,,320.0000001,362.0000001,340.0000001,20
38.9918728,-121.5052626,1879.212646,1889.163917,1902.616006,1904.032895,2.335135135,2.497674419,2.780748663,0.625,,185,215,187,24,76.41609955,68.49143982,74.72171783,81.67754364,,432,537.0000001,520,15
38.99268376,-121.5207401,1886.65167,1889.58648,1901.08593,1898.429222,2.439655172,2.105990783,2.595744681,0.517241379,,174,217,188,29,59.91848755,65.7280426,65.44009399,39.65644073,,424.4999999,456.9999999,488,14.99999999
38.99407026,-121.7422243,1866.701538,1880.327096,1883.103953,1867.789673,2.438235294,2.076923077,1.815920398,1.388888889,,170,221,201,18,90.49514008,75.7984848,80.23440552,53.51211548,,414.5,459,365,25
38.99467459,-121.4980528,1879.212646,1889.899475,1903.86063,1904.083984,2.00867052,1.616915423,1.254237288,2.269230769,,173,201,177,26,61.52094269,65.82756805,69.68183899,70.47966003,,347.5,325,222,58.99999999
38.99655282,-121.4985958,1879.212646,1889.899475,1903.86063,1904.083984,1.39516129,2.212264151,2.358695652,1.178571429,,186,212,184,28,75.3884964,61.12392044,70.465271,71.10315704,,259.4999999,469,434,33.00000001
38.99735329,-121.5042606,1879.212646,1889.163917,1902.616006,1904.032895,2.252747253,2.239819005,2.507772021,0.678571429,,182,221,193,28,73.22592163,73.53482056,72.29554749,108.4462967,,410,495.0000001,484.0000001,19.00000001
38.99842057,-121.5178218,1886.651644,1889.341139,1901.52226,1901.283163,2.67877095,2.515625,2.650537634,0.517241379,,179,224,186,29,65.54447174,71.78147888,72.57291412,92.70658112,,479.5000001,563.5,492.9999999,14.99999999
38.99962124,-121.5262332,1886.65167,1889.58648,1901.08593,1898.429222,2.600558659,2.847222222,2.5,0.483870968,,179,216,182,31,67.4853363,70.21298218,74.94902802,76.5771637,,465.5,615,455,15.00000001
39.00028827,-121.532413,1886.651672,1890.917796,1900.389406,1898.386556,2.060526316,2.231981982,2.047368421,0.833333333,,190,222,190,18,68.99192047,71.97644806,79.34249115,95.33654022,,391.5,495.5,389,14.99999999
39.00282293,-121.5282932,1886.651672,1890.697619,1901.068954,1898.386556,2.612021858,2.613839286,2.729166667,0.535714286,,183,224,192,28,66.54756927,73.14286041,82.33919525,98.70779419,,478,585.5000001,524.0000001,15.00000001
39.00834445,-121.7166467,1886.799461,1888.611534,1894.355385,1880.114014,2.235135135,1.94,1.945812808,0.727272727,,185,225,203,33,70.19094849,72.82266235,80.87062073,93.47047424,,413.5,436.5,395,23.99999999
39.01122667,-121.5056339,1886.651672,1890.502958,1903.867671,1903.757935,2.5234375,2.45154185,2.652849741,2.172413793,,192,227,193,29,69.16764832,73.77121735,81.63182831,86.52596283,,484.5,556.5,512,63
39.0119459,-121.7104669,1886.7995,1889.506578,1894.866982,1874.793367,2.620967742,1.712053571,1.693548387,1.896551724,,186,224,186,29,68.91819,74.71546173,80.65393066,91.22187042,,487.5,383.4999999,315,55
39.01359544,-121.362125,1881.031128,1894.427551,1908.16467,1908.98112,2.470744681,2.020737327,2.394444444,0.772727273,,188,217,180,22,62.04911041,65.94467163,77.86252594,60.01790237,,464.5,438.5,430.9999999,17.00000001
39.01402769,-121.4761081,1886.651668,1893.740047,1903.831429,1903.760554,2.338888889,2.032110092,2.76344086,1.857142857,,180,218,186,28,85.50892639,68.17987823,79.86154175,101.4465408,,421,443.0000001,514,52
39.01541378,-121.750464,1886.799524,1880.310976,1887.481332,1847.923948,2.494186047,1.853603604,1.722222222,0.483870968,,172,222,198,31,72.29607391,67.17764282,79.61971283,113.848053,,429.0000001,411.5000001,341,15.00000001
39.01641806,-121.5373633,1887.958825,1891.007504,1900.746504,1898.386556,2.544871795,1.992537313,2.732240437,1.733333333,,156,201,183,30,105.9984741,64.90638733,78.60243225,95.04415894,,397,400.4999999,500,51.99999999
39.01652974,-121.3545719,1881.031128,1893.665586,1907.691736,1908.98112,1.816216216,1.754672897,2.440677966,3.722222222,,185,214,177,18,65.96795654,69.75737762,77.71346283,49.53243637,,336,375.5,432,67
39.0173621,-121.4666667,1879.212646,1893.961014,1903.496509,1903.841262,2.635359116,2.493273543,2.689473684,2.857142857,,181,223,190,28,75.21044159,73.02137756,80.45310211,98.48927307,,477,556.0000001,511,80
39.01758818,-121.5326911,1887.958825,1891.007504,1900.746504,1898.386556,1.102702703,1.725581395,2.702702703,1.615384615,,185,215,185,26,63.44771576,66.60234833,76.9994812,72.48323059,,204.0000001,370.9999999,500.0000001,41.99999999
39.01758818,-121.4975005,1886.651672,1892.353901,1903.831431,1903.757935,2.4,2.379385965,2.735751295,1.4375,,195,228,193,32,69.81031036,74.30213928,82.09819794,106.3295441,,468,542.5,527.9999999,46
39.01829571,-121.4886394,1886.651671,1894.005795,1903.831435,1903.757935,2.286885246,2.352422907,2.581632653,1.448275862,,183,227,196,29,73.35945129,71.42108917,81.72302246,100.9801788,,418.5,533.9999999,506,42
39.01968171,-121.752524,1886.799524,1880.310976,1887.481332,1847.923948,2.062146893,1.990740741,2.367875648,3.8125,,177,216,193,16,65.56232452,70.32591248,80.40897369,104.1892853,,365.0000001,430.0000001,457.0000001,61
39.0199974,-121.349422,1881.031128,1895.161427,1908.292689,1908.98112,1.495145631,1.85,2.8,2.24,,206,220,180,25,67.46926117,68.01039124,78.1508255,88.34605408,,308,407,504,56
39.02141548,-121.7102953,1886.7995,1890.160154,1895.691099,1867.963857,2.721052632,2.242290749,2.306930693,1.6,,190,227,202,30,70.04130554,75.17954254,80.52207184,110.0757523,,517.0000001,509,466,48
39.02266472,-121.3456455,1881.031128,1897.189496,1908.5312,1908.98112,1.409326425,1.933962264,1.696132597,2.19047619,,193,212,181,21,62.21637726,63.78769684,77.23793793,56.30788803,,272,410,307.0000001,45.99999999
39.02292289,-121.5383559,1888.795532,1891.857914,1901.55489,1898.299932,1.347457627,1.561611374,2,1.555555556,,177,211,188,27,96.20365906,70.72067261,74.86082458,106.31073,,238.5,329.4999999,376,42.00000001
39.02318962,-121.5174132,1888.319491,1890.613971,1903.500116,1903.757935,2.426630435,2.298578199,2.649425287,0.791666667,,184,211,174,24,65.29463959,71.12111664,75.1258316,74.42468262,,446.5,485,460.9999999,19.00000001
39.02438987,-121.5138084,1888.319491,1890.613971,1903.500116,1903.757935,1.931707317,1.8632287,1.977900552,1.533333333,,205,223,181,30,72.09700775,71.58493805,78.23241425,93.25799561,,396,415.5000001,357.9999999,45.99999999
39.02503517,-121.4194319,1879.212646,1896.237881,1909.184876,1906.884985,2.962365591,2.142553191,2.588888889,4.705882353,,186,235,180,17,70.38296509,73.52747345,81.85163879,112.0567703,,550.9999999,503.4999999,466,80
39.02545674,-121.4911491,1886.705215,1893.874846,1904.199444,1903.757935,2.205882353,2.524017467,2.599009901,1.448275862,,187,229,202,29,73.16337585,70.86027527,81.08950806,98.46065521,,412.5,577.9999999,525,42
39.02639024,-121.5337211,1888.795532,1891.857914,1901.55489,1898.299932,1.78358209,2.348484848,3.251572327,0.652173913,,134,165,159,23,52.96805573,52.00016022,69.92797852,59.54240417,,239.0000001,387.4999999,517,15
39.02719037,-121.4978438,1886.705215,1893.874846,1904.199444,1903.757935,2.197297297,2.513100437,2.721649485,1.1,,185,229,194,30,71.94026184,71.9359436,80.36254883,101.2480545,,406.4999999,575.5000001,528.0000001,33
39.02732372,-121.4169913,1879.212646,1896.237881,1909.184876,1906.884985,1.908602151,2.025316456,2.43258427,3.272727273,,186,237,178,22,70.27924347,74.8575058,83.23253632,96.1451416,,355.0000001,480.0000001,433.0000001,72.00000001
39.02772379,-121.5323478,1888.795532,1891.857914,1901.55489,1898.299932,1.846590909,2.091346154,2.703125,1,,176,208,192,29,82.62850952,70.45923615,80.78449249,103.2876129,,325,435,519,29
39.02839055,-121.4744979,1879.212646,1894.894737,1904.487309,1903.757935,2.468571429,2.531531532,2.762162162,2.620689655,,175,222,185,29,76.22397614,61.60606766,78.5178833,101.5691299,,432.0000001,562.0000001,511,76
39.02848351,-121.6927858,1886.7995,1892.226868,1901.771435,1872.961625,1.666666667,1.52027027,2.117948718,2.171428571,,168,222,195,35,78.65659332,72.83527374,80.18437958,108.2245941,,280.0000001,337.4999999,413,75.99999999
39.02879061,-121.4909774,1886.705215,1893.874846,1904.199444,1903.757935,2.302259887,2.407407407,2.740540541,0.516129032,,177,216,185,31,66.72280884,63.20688248,73.66605377,83.5635376,,407.5,519.9999999,507.0000001,15.99999999
39.0326577,-121.5381843,1888.795532,1894.626394,1903.074207,1898.657061,1.396174863,1.734741784,2.550802139,2,,183,213,187,21,74.93599701,71.68174744,80.75287628,94.58032227,,255.4999999,369.5,477,42
39.03279104,-121.4896041,1887.776455,1896.871034,1904.30883,1903.217461,2.257062147,2.360091743,2.420765027,2.615384615,,177,218,183,26,72.67705536,66.36575317,77.79742432,69.23552704,,399.5,514.5,442.9999999,67.99999999
39.03494578,-121.7226464,1886.7995,1887.670297,1894.18385,1857.072416,2.314393939,1.595794393,1.835820896,0.428571429,,132,214,201,35,66.54734802,91.17991638,79.17275238,83.61203003,,305.4999999,341.5000001,369.0000001,15.00000002
39.03532454,-121.5393859,1888.795532,1894.626394,1903.074207,1898.657061,1.903846154,1.745238095,2.177419355,2.739130435,,182,210,186,23,93.30275726,69.92169952,77.39450836,98.51689911,,346.5,366.5,405,63.00000001
39.03534579,-121.7037636,1886.7995,1893.094337,1902.183112,1871.909922,2.061827957,2.054347826,1.851282051,0.454545455,,186,230,195,33,70.12290955,74.20301056,81.73802185,103.8631744,,383.5,472.5,360.9999999,15.00000002
39.0373246,-121.4774161,1879.712556,1896.146187,1904.134302,1903.421967,2.48502994,2.002673797,2.35828877,2.904761905,,167,187,187,21,63.73610306,64.02377319,72.23625183,59.40717697,,415,374.5,441,61.00000001
39.03781755,-121.6945024,1886.7995,1893.159941,1902.362996,1897.241766,1.572674419,2.126126126,2.276041667,0.46875,,172,222,192,32,74.78833008,72.98428345,80.99224854,114.5692062,,270.5000001,472,437.0000001,15
39.04064483,-121.7224747,1886.973932,1884.378314,1894.866681,1861.404166,2.783088235,1.938679245,1.661616162,0.866666667,,136,212,198,30,66.37963104,48.34062958,77.21475983,68.29857635,,378.5,410.9999999,329.0000001,26.00000001
39.04145788,-121.4290076,1879.212646,1900.189019,1910.887112,1903.912168,2.120603015,2.35426009,2.162790698,2.567567568,,199,223,172,37,68.15743256,72.65341187,80.40306854,91.79187775,,422,525.0000001,372.0000001,95.00000002
39.04305779,-121.504367,1890.463037,1898.361092,1907.242427,1900.929436,1.451704545,1.801369863,2.139037433,1.233333333,,176,219,187,30,65.27732086,70.30529785,80.71466827,102.1836319,,255.4999999,394.5,400,36.99999999
39.04464459,-121.7070252,1886.7995,1890.568974,1901.03351,1869.451224,1.991803279,2.030973451,2.293814433,0.742857143,,183,226,194,35,72.02396393,75.31684113,83.01885223,106.450386,,364.5000001,458.9999999,445,26.00000001
39.0454576,-121.4992171,1888.7955,1900.254581,1907.032246,1901.023013,1.778089888,1.786666667,2.170984456,1.178571429,,178,225,193,28,69.76681519,71.3855896,81.57428741,104.799614,,316.5000001,402.0000001,419,33.00000001
39.0464811,-121.520618,1888.795516,1896.814602,1906.275553,1900.338671,1.355704698,1.935714286,2.442708333,1.423076923,,149,210,192,26,98.0798111,72.29057312,78.43094635,106.2416382,,202,406.5000001,468.9999999,37
39.04665747,-121.4207679,1879.212646,1900.189019,1910.887112,1903.912168,2.302631579,2.470852018,2.461111111,1.647058824,,190,223,180,34,67.92917633,72.35997772,77.18579102,82.10864258,,437.5,551,443,56.00000002
39.04701437,-121.5259395,1888.795516,1896.814602,1906.275553,1900.338671,1.864942529,2.284653465,1.607329843,1.875,,174,202,191,24,104.5743408,66.15447235,76.61316681,97.86319733,,324.5,461.4999999,307,45
39.0485239,-121.4999038,1888.7955,1900.254581,1907.032246,1901.023013,1.352941176,1.731132075,2.163934426,0.655172414,,170,212,183,29,73.03527069,72.60697174,80.55380249,111.7376022,,229.9999999,366.9999999,396,19.00000001
39.05021391,-121.4586483,1883.500366,1900.923904,1910.790867,1903.243163,1.693717277,2.032110092,2.4,0.527777778,,191,218,180,36,69.57098389,68.85281372,81.99771881,99.90998077,,323.4999999,443.0000001,432,19.00000001
39.05074715,-121.5202747,1889.56494,1897.401877,1907.460527,1900.406554,1.875,1.988425926,2.76344086,0.457142857,,184,216,186,35,92.626297,72.08052063,74.12309265,113.3527679,,345,429.5,514,16
39.05128039,-121.5307461,1889.678747,1898.040401,1906.077876,1898.6202,2.081521739,2.045045045,2.151041667,0.533333333,,184,222,192,30,68.52246094,70.23721313,84.00975037,100.7197647,,383,454,413.0000001,15.99999999
39.05168032,-121.5343509,1889.678747,1898.040401,1906.077876,1898.6202,1.462686567,2.026431718,2.40625,0.46875,,201,227,192,32,69.45587921,74.13665771,81.84703064,87.82241821,,294,460,462,15
39.05194693,-121.5249096,1889.56494,1897.401877,1907.460527,1900.406554,1.796875,1.908888889,2.734042553,0.571428571,,192,225,188,28,84.0488739,72.8751297,78.95862579,101.2311096,,345,429.5,514,15.99999999
39.05367992,-121.5412174,1889.678772,1898.606271,1904.54635,1898.517131,1.777777778,1.605140187,2.182320442,2.769230769,,180,214,181,26,66.77663422,61.58367157,71.59298706,83.51914978,,320,343.5,395,71.99999999
39.05381322,-121.5250812,1889.56494,1897.401877,1907.460527,1900.406554,1.505235602,1.902654867,2.324468085,0.484848485,,191,226,188,33,63.02466965,68.64135742,74.67066956,94.93317413,,287.5,429.9999999,437,16.00000001
39.05381322,-121.4560734,1883.500366,1900.923904,1910.790867,1903.243163,1.443786982,2.041860465,2.23655914,2.5,,169,215,186,28,65.9389267,70.32660675,81.20414734,99.25882721,,244,439,416,70
39.05407983,-121.531261,1889.678747,1898.040401,1906.077876,1898.6202,2.676315789,2.326754386,2.457446809,0.454545455,,190,228,188,33,70.0758667,74.45181274,81.56466675,105.5954285,,508.4999999,530.5,462.0000001,15.00000002
39.05501295,-121.4073215,,1902.028857,1911.009874,1907.192342,1.989247312,1.930493274,2.005347594,2,,186,223,187,31,65.46153259,70.77571106,79.92709351,111.2270584,,370,430.5000001,375.0000001,62
39.05541286,-121.5173565,1889.324543,1897.393635,1908.010951,1900.45948,2.631067961,2.268181818,2.855555556,0.416666667,,206,220,180,36,69.27689362,73.35387421,81.64390564,102.6875992,,542,499,514.0000001,15.00000001
39.05607936,-121.5273128,1889.56494,1897.401877,1907.460527,1900.406554,2.731578947,2.431506849,2.220430108,1.586206897,,190,219,186,29,60.55252075,66.92383575,64.90629578,79.253685,,518.9999999,532.4999999,413.0000001,46.00000001
39.05607936,-121.5233646,1889.56494,1897.401877,1907.460527,1900.406554,2.669950739,2.257918552,2.824175824,0.416666667,,203,221,182,36,64.62065887,67.71057129,71.57584381,71.24675751,,542,499,514,15.00000001
39.05647926,-121.532291,1889.678747,1898.040401,1906.077876,1898.6202,2.552763819,2.318584071,2.752688172,0.517241379,,199,226,186,29,69.60993195,71.54658508,82.46589661,123.285408,,508,524,512,14.99999999
39.05714575,-121.4613949,1883.500366,1900.923904,1909.712927,1902.190416,2.209039548,2.287671233,1.777173913,1.678571429,,177,219,184,28,64.5477066,68.95851135,70.18215179,54.13426971,,391,501,327,47.00000001
39.05867632,-121.71475,1887.47914,1886.777497,1900.161664,1869.4512,1.624293785,2,2.111111111,1.4,,177,225,198,35,74.47512817,73.02153778,81.56950378,118.2479858,,287.4999999,450,418,49
39.05941178,-121.5261112,1889.56494,1897.401877,1907.460527,1900.406554,2.617948718,2.402654867,2.628272251,0.483870968,,195,226,191,31,66.27609253,65.09910583,72.78623962,96.86437988,,510.5,542.9999999,501.9999999,15.00000001
39.06127787,-121.4483486,1888.649187,1900.923904,1913.740332,1903.105348,1.99137931,1.932735426,1.801075269,0.966666667,,174,223,186,30,67.36437225,73.15139771,80.12284088,114.9958649,,346.4999999,431,335,29.00000001
39.06154445,-121.4548717,1888.649196,1900.923904,1911.698473,1902.996259,2.123595506,2.728506787,1.690217391,1.321428571,,178,221,184,28,69.10166931,71.92899323,79.90956116,95.09485626,,378.0000001,602.9999999,310.9999999,36.99999999
39.06207761,-121.5388141,1889.732978,1897.286453,1909.159033,1899.079769,2.730555556,2.56763285,1.690607735,0.517241379,,180,207,181,29,66.10220337,69.4781723,75.67720795,83.77148438,,491.5000001,531.5,306,14.99999999
39.06341049,-121.4044033,1887.258617,1902.243663,1911.686523,1907.923036,2.312080537,1.721238938,2.349206349,2.666666667,,149,226,189,21,73.61630249,65.91106415,77.71285248,60.39177704,,344.5,389,444,56.00000001
39.06487662,-121.5386425,1889.732978,1897.286453,1909.159033,1899.079769,2.844086022,2.313636364,2.650537634,3.7,,186,220,186,30,67.57809448,72.12291718,80.6778717,105.6696625,,529.0000001,509.0000001,492.9999999,111
39.06487662,-121.4541851,1888.649196,1900.923904,1911.698473,1902.996259,2.678378378,2.68018018,2.248648649,1.321428571,,185,222,185,28,67.72603607,66.13201141,78.73765564,106.6015015,,495.4999999,595,416.0000001,36.99999999
39.06567632,-121.4624248,1888.649151,1900.927977,1910.896043,1902.771542,2.634375,2.700507614,2.303030303,1.275862069,,160,197,165,29,48.80396652,69.70605469,77.98216248,68.72316742,,421.5,532,380,37
39.06660929,-121.4488636,1888.649187,1900.923904,1913.740332,1903.105348,1.815217391,1.926339286,2.272251309,0.555555556,,184,224,191,36,70.83957672,74.66834259,79.57346344,104.0278473,,333.9999999,431.5000001,434,20.00000002
39.06867606,-121.4553863,1888.649196,1900.923904,1911.698473,1902.996259,2.666666667,2.434090909,2.117021277,1.620689655,,174,220,188,29,73.36193085,72.4526062,81.40788269,105.5997543,,464.0000001,535.5,398.0000001,47
39.06920917,-121.4608795,1888.649151,1900.927977,1910.896043,1902.771542,2.14244186,2.451612903,2.564516129,1.4,,172,217,186,30,71.01763153,72.34436798,80.33841705,103.5131607,,368.4999999,532,477,42
39.06947572,-121.4488632,1888.649187,1900.923904,1913.740332,1903.105348,2.054054054,2.073333333,2.366492147,0.516129032,,185,225,191,31,71.65065765,72.64578247,80.25751495,100.346756,,380,466.4999999,452.0000001,15.99999999
39.07227443,-121.443885,1888.649182,1900.493371,1912.072333,1902.878739,1.905325444,2.037914692,2.838709677,0.566666667,,169,211,186,30,70.92261505,67.494133,58.55664063,60.64411163,,322,430,527.9999999,17.00000001
39.0724077,-121.464141,1888.64917,1900.032035,1911.200581,1902.7889,5.723684211,10.10810811,14.95,0.826086957,,38,37,20,23,45.80350113,45.26576614,46.99757385,86.59770203,,217.5,374.0000001,299,19.00000001
39.07307405,-121.4847404,1888.64917,1898.459216,1910.110599,1900.436768,1.906914894,1.865740741,2.098901099,1.857142857,,188,216,182,35,60.92820358,69.42341614,80.06235504,84.13809967,,358.5000001,403.0000001,382,65
39.07428868,-121.7043836,1868.425659,1892.191259,1898.218395,1886.423282,6.829787234,4.5,4.5,1.8,,47,55,54,10,52.76474762,47.37360382,49.1871109,58.64340591,,321,247.5,243,18
39.07493978,-121.4389068,1888.662537,1900.598526,1913.130283,1902.947965,1.634831461,1.663461538,1.710526316,1.483870968,,178,208,190,31,60.89236069,64.68186188,70.14631653,84.57791138,,291.0000001,345.9999999,325,46.00000001
39.07687112,-121.4552151,1888.64917,1900.272836,1912.018508,1902.813289,4.125,6.6375,5.935483871,0.904761905,,44,40,31,21,45.37417603,44.57977295,45.584198,64.67692566,,181.5,265.5,184,19.00000001
39.07740416,-121.4468036,1888.649182,1900.493371,1912.072333,1902.878739,1.229885057,2.263033175,2.790575916,0.472222222,,174,211,191,36,58.50662613,67.78624725,76.28772736,84.56491089,,213.9999999,477.4999999,533,16.99999999
39.07880434,-121.4723808,1888.64917,1899.768995,1909.765927,1901.31688,2.114973262,2.106334842,2.126984127,0.791666667,,187,221,189,24,63.81058121,69.85212708,75.20331573,67.57971191,,395.5,465.5000001,402,19.00000001
39.07947062,-121.4498931,1888.64917,1900.272836,1912.018508,1902.813289,1.079365079,1.594170404,1.87628866,0.612903226,,189,223,194,31,66.7822113,67.35187531,79.16994476,118.8266144,,203.9999999,355.5000001,364,19.00000001
39.08000365,-121.4564163,1888.64917,1898.98382,1911.894926,1902.787676,4.522222222,7.797297297,11.56521739,1.285714286,,45,37,23,21,46.00009537,42.42480469,45.72011185,70.95508575,,203.5,288.5,266,27.00000001
39.08002903,-121.4855987,1888.65635,1897.044731,1908.900269,1899.781954,2.041436464,1.929245283,2.17679558,1.029411765,,181,212,181,34,60.51546097,68.48838806,79.89537048,77.82662201,,369.5,409,394,35.00000001
39.08066992,-121.4380485,1889.240876,1899.158205,1913.260152,1902.788921,1.448863636,2.106976744,2.695876289,1.03030303,,176,215,194,33,67.94699097,64.60440063,77.41028595,103.9333115,,254.9999999,453,523.0000001,33.99999999
39.08148466,-121.6935689,1868.425659,1890.813467,1898.097636,1886.38446,1.938172043,1.762557078,2.324022346,1,,186,219,179,31,70.1836853,74.1778717,79.25298309,97.86762238,,360.5,386.0000001,415.9999999,31
39.08261733,-121.721893,1868.425659,1885.323388,1898.025489,1884.750446,1.059782609,2.050884956,2.28,0.576923077,,184,226,200,26,72.37187958,71.46712494,82.91658783,104.4724808,,195.0000001,463.5000001,456,15
39.08634823,-121.7136533,1868.425659,1888.921191,1898.131521,1886.087607,1.597222222,1.903587444,2.310344828,0.866666667,,180,223,203,30,70.81642914,72.95115662,80.30597687,104.8568649,,287.5,424.5,469.0000001,26.00000001
39.08718464,-121.4746525,1888.64917,1899.001942,1909.60819,1901.903072,2.152849741,2.349775785,2.531914894,0.703703704,,193,223,188,27,63.76117325,71.83213806,79.13076019,70.26763916,,415.5,524.0000001,476.0000001,19.00000001
39.08944971,-121.5311291,1892.264893,1896.60284,1907.452612,1898.523077,2.009803922,1.791208791,1.869109948,1.038461538,,153,182,191,26,84.23078918,77.43361664,73.75731659,116.6439362,,307.5000001,326,357.0000001,26.99999999
39.09038237,-121.4482167,1888.649628,1897.544515,1912.953808,1899.953877,1.720744681,2.231481481,2.73015873,1.92,,188,216,189,25,64.42472076,66.35948944,76.55491638,97.2357254,,323.5,481.9999999,516,48
39.09038237,-121.4410069,1888.649628,1897.544515,1912.953808,1899.953877,1.838709677,2.103686636,2.453125,2.62962963,,186,217,192,27,72.81923676,70.48936462,80.05491638,124.9754562,,341.9999999,456.5,471,71.00000001
39.0925141,-121.4743092,1889.755167,1896.557975,1908.487123,1899.632975,2.075842697,1.850230415,2.418478261,3.852941176,,178,217,184,34,66.49608612,69.10046387,77.56575012,76.53709412,,369.5000001,401.5000001,445,131
39.09397963,-121.4461567,1888.649628,1897.544515,1912.953808,1899.953877,1.620418848,2.17264574,2.638743455,0.5,,191,223,191,36,66.13137054,69.85896301,74.43586731,89.24025726,,309.5,484.5,503.9999999,18
39.09424609,-121.5203144,1891.866457,1895.067268,1906.085816,1897.821656,2.581460674,2.013636364,2.141361257,3.315789474,,178,220,191,19,89.9186554,72.24601746,76.37604523,104.6105347,,459.5,443.0000001,409.0000001,63.00000001
39.09464577,-121.5302708,1888.272182,1895.000839,1906.400903,1897.911109,2.760309278,2.441704036,2.425531915,1.676470588,,194,223,188,34,70.80373383,75.85373688,80.02672577,113.5771561,,535.4999999,544.5,456,56.99999999
39.09504545,-121.5271809,1891.866457,1895.067268,1906.085816,1897.821656,2.760309278,2.430803571,2.412698413,1.9,,194,224,189,30,69.76103973,76.38755798,80.25878906,118.2895203,,535.4999999,544.4999999,456.0000001,57
39.09611125,-121.535764,1888.272182,1895.000839,1906.400903,1897.911109,2.816753927,2.570135747,2.508108108,1.92,,191,221,185,25,68.52287292,75.9927597,79.33531952,91.93392181,,538.0000001,568.0000001,464,48
39.09770993,-121.4346554,1890.117569,1897.497908,1913.493279,1900.205902,1.329608939,1.868544601,2.318918919,0.653846154,,179,213,185,26,68.17256165,67.28920746,76.06780243,55.68375778,,238.0000001,398,429,17
39.09797637,-121.4727642,1889.755167,1896.557975,1908.487123,1899.632975,2.619318182,2.367647059,2.636363636,1.464285714,,176,204,187,28,61.43654633,64.82706451,72.48412323,93.15890503,,461,483,492.9999999,40.99999999
39.09850926,-121.4818623,1890.835011,1895.984301,1906.052543,1897.787046,2.323684211,2.29468599,2.458563536,2.607142857,,190,207,181,28,68.69005585,72.80755615,74.41572571,63.61634827,,441.5000001,474.9999999,445,73
39.09984144,-121.5254643,1891.866457,1895.067268,1906.085816,1897.821656,2.956521739,2.363013699,2.483516484,0.785714286,,184,219,182,28,57.6066246,63.2828598,64.69522858,63.87252045,,544,517.5000001,452.0000001,22.00000001
39.09997466,-121.5144779,1894.79779,1896.211999,1906.502337,1898.102153,2.834319527,3.100515464,2.710982659,0.5,,169,194,173,30,57.20704651,59.4587822,69.77824402,57.36521149,,479.0000001,601.5,469,15
39.10024109,-121.5313008,1887.738284,1894.987068,1906.80054,1898.423138,2.873096447,2.522522523,2.698412698,1.423076923,,197,222,189,26,70.52532959,76.94934082,79.80802155,124.7736359,,566.0000001,560.0000001,509.9999999,37
39.10157325,-121.5441754,1890.182171,1896.183438,1906.989187,1897.405147,2.373655914,2.513824885,2.417582418,0.517241379,,186,217,182,29,70.08939362,74.91307068,79.2210083,96.86467743,,441.5,545.5,440.0000001,14.99999999
39.10183968,-121.4640095,1891.12151,1896.483137,1912.732608,1899.632975,1.946927374,2.349099099,2.586387435,0.666666667,,179,222,191,30,67.68655396,69.19730377,79.45497131,65.22589874,,348.4999999,521.5,494.0000001,20.00000001
39.10330501,-121.4411785,1889.63375,1896.483137,1916.185958,1899.632975,1.385714286,2.131455399,2.301587302,0.566666667,,175,213,189,30,66.18650818,72.25037384,78.94291687,105.2042236,,242.5000001,454,435.0000001,17.00000001
39.10556956,-121.5196278,1894.79779,1896.211999,1906.502337,1898.102153,2.571808511,2.678733032,2.663212435,0.483870968,,188,221,193,31,72.60429382,75.27521515,78.35518646,100.1271439,,483.5000001,592.0000001,514,15.00000001
39.10583598,-121.4844372,1891.2353,1896.477838,1904.959127,1899.05555,2.522959184,2.672727273,2.715025907,1.870967742,,196,220,193,31,69.4469223,74.18689728,79.93363953,114.4929733,,494.5000001,588.0000001,524.0000001,58
39.10743443,-121.5391972,1887.738284,1894.987068,1906.80054,1898.423138,3.02173913,2.08411215,2.859550562,0.925925926,,184,214,178,27,67.73443604,73.77210236,76.21985626,96.31445313,,555.9999999,446.0000001,509,25
39.10889965,-121.4614346,1891.12151,1896.483137,1912.732608,1899.632975,1.573446328,1.525462963,1.489247312,1.965517241,,177,216,186,29,66.85836792,68.44182587,78.03840637,104.569313,,278.5000001,329.5,277,56.99999999
39.10903285,-121.5313008,1887.738284,1894.987068,1906.80054,1898.423138,3.088541667,2.463133641,1.89673913,0.517241379,,192,217,184,29,69.37875366,75.69636536,79.05937195,110.4627914,,593.0000001,534.5000001,348.9999999,14.99999999
39.10956565,-121.4768841,1891.235291,1896.483137,1908.463923,1899.691335,2.397297297,2.635746606,2.507936508,1.142857143,,185,221,189,28,69.53443146,75.12369537,80.79429626,123.5274277,,443.4999999,582.4999999,474,32
39.11143041,-121.4844372,1894.123943,1896.483144,1903.459687,1900.866148,2.384408602,2.635746606,2.534759358,1.142857143,,186,221,187,28,67.33791351,69.8144455,79.58550262,106.939476,,443.5,582.4999999,473.9999999,32
39.11156361,-121.5390255,1891.720027,1897.016478,1902.788868,1898.423136,3.416184971,1.875,1.649425287,2,,173,216,174,28,68.52702332,75.16854858,78.57030487,109.5072556,,591,405,286.9999999,56
39.11342832,-121.5002301,1894.792175,1896.091688,1902.603572,1898.420169,1.825268817,2.15990991,2.149484536,1.793103448,,186,222,194,29,75.31768799,74.36021423,79.28974915,107.4898605,,339.5,479.5,417,51.99999999
39.11608706,-121.4713909,1892.748168,1896.483134,1906.672556,1900.301147,1.313218391,1.768348624,2.032085561,2.6,,174,218,187,30,68.01163483,63.98794556,70.3591156,108.3498611,,228.5,385.5,379.9999999,78
39.11622025,-121.4813473,1894.123943,1896.483144,1903.459687,1900.866148,2.09375,2.091517857,2.154255319,0.571428571,,192,224,188,28,73.79847717,74.8449173,78.68045044,117.3654785,,402,468.5,405,15.99999999
39.11662485,-121.5062382,1894.792175,1896.091688,1902.603572,1898.420169,1.997297297,1.859090909,2.195767196,3.518518519,,185,220,189,27,71.67543793,72.67700958,79.25010681,113.2485657,,369.4999999,409,415,95.00000001
39.1170244,-121.5004017,1894.792175,1896.091688,1902.603572,1898.420169,1.956043956,2.313063063,2.138461538,2.666666667,,182,222,195,24,89.30651855,74.47077179,80.24097443,113.0094757,,356,513.5,416.9999999,64.00000001
39.11942169,-121.5053799,1894.792175,1896.091688,1902.603572,1898.420169,1.835051546,2.377314815,2.278688525,2.37037037,,194,216,183,27,67.59757233,70.68963623,77.45687866,100.0776062,,355.9999999,513.5,417.0000001,63.99999999
39.12034891,-121.4816906,1894.792175,1899.462206,1904.866833,1902.053304,1.825641026,2.393333333,2.856382979,0.514285714,,195,225,188,35,72.62548065,75.39299011,79.38345337,111.3985596,,356.0000001,538.4999999,537.0000001,17.99999999
39.12088162,-121.4664128,1894.698506,1897.192584,1912.087098,1901.498472,1.494382022,1.547297297,2.108108108,1.925925926,,178,222,185,27,72.74584961,69.49530029,78.4666214,105.3395691,,265.9999999,343.4999999,390,52
39.12088666,-121.5005734,1895.884374,1900.096703,1902.592033,1898.423136,1.82967033,2.404545455,2.70984456,1.933333333,,182,220,193,30,81.29419708,63.48862839,77.46389008,105.2579117,,333.0000001,529.0000001,523.0000001,57.99999999
39.12114798,-121.4713909,1894.792175,1897.321122,1908.661503,1902.017016,1.779792746,2.482608696,2.375,0.454545455,,193,230,192,33,72.84955597,69.79294586,77.14758301,112.3168259,,343.5,571.0000001,456,15.00000002
39.1218189,-121.4947369,1894.792175,1898.895507,1902.59821,1900.152928,2.119680851,2.40521327,2.612359551,0.483870968,,188,211,178,31,59.78455734,59.2432785,73.63642883,59.73374557,,398.5,507.5,465.0000001,15.00000001
39.12434416,-121.4806607,1894.792175,1899.462206,1904.866833,1902.053304,2.705405405,2.534090909,2.131578947,0.454545455,,185,220,190,33,67.6697998,70.83345032,80.94128418,112.9133301,,500.4999999,557.5,404.9999999,15.00000002
39.12448237,-121.4940502,1894.792175,1898.895507,1902.59821,1900.152928,2.25,2.317777778,2.865591398,0.555555556,,192,225,186,27,64.50869751,64.64578247,74.1958847,78.97944641,,432,521.5000001,533,15.00000001
39.12461554,-121.500745,1895.884374,1900.096703,1902.592033,1898.423136,2.086387435,2.29638009,2.527173913,0.576923077,,191,221,184,26,67.24409485,70.21561432,78.65866089,105.5608749,,398.5000001,507.4999999,465,15
39.12474871,-121.5058949,1895.884374,1900.096703,1902.592033,1898.423136,2.416216216,2.113122172,2.326203209,1.666666667,,185,221,187,27,69.65894318,70.48485565,80.72384644,102.5082321,,447,467,435.0000001,45.00000001
39.12474871,-121.4882138,1894.792175,1899.462206,1904.866833,1902.053304,2.625,2.742152466,2.743455497,1,,192,223,191,32,70.05362701,73.7647171,78.20846558,118.3376007,,504,611.4999999,523.9999999,32
39.12607536,-121.4725926,1894.792175,1897.321122,1908.661503,1902.017016,1.77027027,2.879807692,2.478021978,0.96969697,,185,208,182,33,60.10262299,63.4765892,74.74932861,58.51367569,,327.5,598.9999999,451,32.00000001
39.1267412,-121.4634945,1894.698506,1897.192584,1912.087098,1901.498472,1.72,1.788461538,2.262295082,0.925925926,,175,208,183,27,67.22409821,67.02974701,78.5212326,120.2487946,,301,371.9999999,414,25
39.12727386,-121.4876988,1894.792175,1899.462206,1904.866833,1902.053304,2.024324324,2.467741935,1.947368421,1.64516129,,185,217,190,31,67.26641083,62.55408096,75.7513504,89.87549591,,374.4999999,535.4999999,370,50.99999999
39.12794473,-121.4945652,1894.792175,1898.895507,1902.59821,1900.152928,1.781976744,2.572463768,2.455621302,1.620689655,,172,207,169,29,68.39479828,60.80011368,77.88780212,113.358696,,306.5,532.5,415,47
39.12807285,-121.4798023,1894.792175,1897.321122,1908.661503,1902.017016,1.77027027,2.722727273,2.505555556,0.96969697,,185,220,180,33,71.34527588,62.76651001,78.67620087,85.65309906,,327.5,599.0000001,451.0000001,32.00000001
39.13046977,-121.479459,1894.792175,1904.019677,1910.327202,1902.44714,1.261780105,1.885714286,2.425531915,2.413793103,,191,210,188,29,89.51673126,69.89504242,79.11423492,103.1910934,,241.0000001,396.0000001,456,69.99999999
39.13313291,-121.5019467,1895.901134,1901.479939,1901.830198,1899.633759,1.701570681,1.878440367,1.869565217,1.961538462,,191,218,184,26,70.14945984,68.53471375,79.56650543,61.29847717,,325.0000001,409.5,343.9999999,51.00000001
39.13446444,-121.4981701,1895.884357,1904.049059,1902.612813,1902.535122,1.927027027,2.580645161,2.581521739,0.84,,185,217,184,25,71.20201111,69.3128891,79.18839264,52.30734634,,356.5,559.9999999,475,21
39.13473074,-121.4835789,1895.884347,1904.032254,1906.001196,1902.702746,1.620879121,2.361111111,2,2.607142857,,182,216,191,28,79.78636932,68.88615417,77.10578918,94.02642059,,295,510,382,73
39.1353965,-121.4798023,1894.792175,1904.019677,1910.327202,1902.44714,1.028645833,1.709090909,2.375,1.5,,192,220,192,28,83.01394653,68.34473419,77.76145172,119.9992828,,197.4999999,376,456,42
39.13845889,-121.4923336,1895.884357,1904.049059,1902.612813,1902.535122,2.528350515,2.732876712,2.178947368,0.535714286,,194,219,190,28,66.06772614,71.40233612,81.43884277,112.2419815,,490.4999999,598.4999999,413.9999999,15.00000001
39.13859203,-121.4899304,1895.884347,1904.032254,1906.001196,1902.702746,2.541450777,2.758064516,2.237837838,0.576923077,,193,217,185,26,67.89312744,72.88884735,80.92785645,104.395607,,490.5,598.5,414,15
39.1403747,-121.4986851,1896.084155,1905.345239,1905.8758,1905.257487,2.402702703,2.769767442,2.104395604,1.107142857,,185,215,182,28,64.32675934,69.60928345,78.42679596,105.0240097,,444.5000001,595.5,382.9999999,31
39.14165428,-121.4907887,1896.084155,1905.345239,1905.8758,1905.257487,1.718905473,2.515837104,2.338624339,1.62962963,,201,221,189,27,68.53948212,73.48751068,81.24351501,113.809967,,345.5000001,556,442.0000001,44.00000001
39.14170609,-121.5019467,1896.21002,1904.155506,1905.831646,1902.780706,1.744505495,1.755656109,2.053763441,2.964285714,,182,221,186,28,67.5295639,71.17371368,78.30297852,116.1048126,,317.5000001,388.0000001,382,82.99999999
39.14250689,-121.4782574,1895.884332,1905.298814,1912.545465,1905.257487,1.453296703,2.141463415,2.031914894,1,,182,205,188,27,91.17424011,73.9525528,79.61177063,123.5042496,,264.4999999,439.0000001,382.0000001,27
39.14258625,-121.4849522,1895.940588,1905.340492,1909.30121,1905.257487,2.594972067,2.670454545,2.302083333,1.642857143,,179,220,192,28,80.53852081,70.55974579,79.55744171,108.0948029,,464.5,587.4999999,441.9999999,46
39.14264003,-121.478944,1895.884332,1905.298814,1912.545465,1905.257487,1.453296703,2.110576923,2.010526316,1.125,,182,208,190,24,85.66269684,74.61403656,79.61177063,120.6298141,,264.4999999,439,382,27
39.14303944,-121.4849522,1895.940588,1905.340492,1909.30121,1905.257487,1.918994413,2.154545455,2.666666667,0.833333333,,179,220,192,30,80.53852081,66.2539444,76.99933624,103.3145828,,343.4999999,474.0000001,512.0000001,24.99999999
39.14490331,-121.4830639,1895.940588,1905.340492,1909.30121,1905.257487,1.445355191,1.986425339,2.010526316,0.964285714,,183,221,190,28,72.60443878,71.83095551,80.12378693,114.4603806,,264.5,438.9999999,382,26.99999999
39.14503645,-121.4787724,1895.884332,1905.298814,1912.545465,1905.257487,1.42972973,2.023041475,2.021164021,1,,185,217,189,27,68.64845276,70.04062653,78.56937408,115.0049438,,264.5000001,439.0000001,382,27
39.1457021,-121.4715626,1895.884332,1905.298814,1912.545465,1905.257487,1.553672316,1.619158879,1.204301075,2.827586207,,177,214,186,29,68.05500031,70.37326813,80.16822052,105.2964706,,274.9999999,346.5000001,224,82
39.14663401,-121.4755108,1895.884332,1905.298814,1912.545465,1905.257487,2.063888889,2.565420561,2.557377049,2.029411765,,180,214,183,34,66.06274414,69.99546814,77.14610291,99.33526611,,371.5,549.0000001,468,69.00000001
39.14863092,-121.4751675,1895.884332,1905.298814,1912.545465,1905.257487,2.279141104,2.75879397,2.571428571,2.653846154,,163,199,182,26,64.25064087,70.80545044,73.43726349,82.03128815,,371.5,549,467.9999999,69
39.14942967,-121.4780857,1895.884332,1905.298814,1912.545465,1905.257487,2.019021739,2.541666667,2.45026178,2.379310345,,184,216,191,29,69.99088287,67.0174408,81.87631989,111.3963928,,371.5,549.0000001,468,69.00000001
39.17192478,-121.5719148,1890.078833,1894.023238,1903.497138,1893.692125,2.411616162,2.444954128,2.35978836,2.516129032,,198,218,189,31,76.15879059,74.86112976,81.47002411,104.6696701,,477.5000001,532.9999999,446,77.99999999
39.17392097,-121.5691682,1890.449272,1894.842294,1904.530226,1894.255369,2.505263158,2.429864253,2.597883598,1.764705882,,190,221,189,34,73.06417084,74.78440094,79.41999054,107.8602753,,476,536.9999999,491,59.99999999
39.17418712,-121.5532037,1892.550792,1896.239834,1903.694518,1901.612215,2.424479167,1.98206278,2.664864865,2.28125,,192,223,185,32,71.34285736,68.01152039,77.21060944,105.0307083,,465.5000001,441.9999999,493,73
39.17565095,-121.5588685,1892.550792,1896.239834,1903.694518,1901.612215,2.108910891,2.436681223,2.38974359,0.71875,,202,229,195,32,67.93204498,71.20018005,79.95862579,109.961731,,426,558.0000001,466.0000001,23
39.17964306,-121.5485688,1893.416456,1898.913248,1900.663626,1901.622681,2.413157895,2.288288288,2.362637363,0.625,,190,222,182,24,63.06655502,65.75904846,73.42237091,82.54244232,,458.5000001,507.9999999,430.0000001,15
39.18363495,-121.5576669,1891.606909,1889.302924,1895.877114,1893.580918,2.718592965,2.522321429,2.589473684,5,,199,224,190,3,65.76633453,58.97453308,77.40254211,88.19358063,,541,565.0000001,492,15
39.18456636,-121.5798112,1890.03167,1887.759576,1897.67873,1885.298012,2.138297872,2.037914692,2.1,0.535714286,,188,211,190,28,64.53533173,75.06008148,69.54025269,93.54428101,,401.9999999,430,399,15.00000001
39.18802576,-121.5662499,1890.69214,1887.978482,1896.74887,1888.822998,2.04950495,2.006637168,2.510638298,0.555555556,,202,226,188,27,66.24299622,68.80687714,79.52735138,82.50727844,,413.9999999,453.5,472,15.00000001
39.18882406,-121.5808412,1889.822113,1887.5407,1896.704864,1884.538435,2.295918367,2.036036036,1.958333333,0.75,,196,222,192,20,81.3181076,73.92617035,79.49436188,109.7812576,,449.9999999,452,375.9999999,15
39.19254934,-121.5635034,1889.947927,1885.479594,1892.182149,1886.287984,2.521505376,2.400485437,2.483516484,0.517241379,,186,206,182,29,70.34093475,69.33876038,75.12834167,60.68878555,,468.9999999,494.5,452.0000001,14.99999999
39.19760476,-121.5719148,1889.037577,1885.479594,1893.677115,1883.19779,2.626344086,2.391402715,2.54787234,0.681818182,,186,221,188,22,71.34692383,64.05116272,79.27970886,105.0070953,,488.5,528.5,478.9999999,15
39.19804302,-121.5388952,1891.60105,1892.547407,1890.189119,1891.546601,2.418367347,2.607623318,2.65625,0.535714286,,196,223,192,28,71.03738403,76.03512573,76.15817261,67.24893188,,474,581.4999999,510,15.00000001
39.19990544,-121.5495382,1887.007347,1889.549131,1889.266333,1887.006573,1.771276596,2.429223744,2.435233161,0.681818182,,188,219,193,22,71.84567261,72.22441101,74.48561096,89.45820618,,333,531.9999999,470.0000001,15
39.20043755,-121.5740858,1886.304679,1884.181646,1890.473059,1882.093719,2.378947368,2.233333333,2.554404145,0.483870968,,190,225,193,31,70.4818573,73.66065216,80.90707397,83.74850464,,451.9999999,502.4999999,493,15.00000001
39.20243293,-121.5558897,1886.803001,1887.64672,1888.868587,1886.140163,2.355555556,2.463636364,2.474747475,0.75,,180,220,198,28,90.33500671,70.39102936,73.97975159,91.75733948,,424.0000001,542.0000001,490.0000001,21
39.20309805,-121.578034,1886.304679,1884.181646,1890.473059,1882.093719,2.294416244,2.213656388,2.594736842,0.555555556,,197,227,190,27,71.02377319,75.67324829,80.41542816,131.8473053,,452.0000001,502.5000001,493,15.00000001
39.20389618,-121.5526281,1886.803001,1887.64672,1888.868587,1886.140163,1.913157895,2.266816143,2.412371134,0.652173913,,190,223,194,23,82.15081024,71.72384644,72.89268494,105.4081192,,363.5000001,505.4999999,468,15
39.20735463,-121.5356337,1889.190508,1893.132279,1889.766381,1887.872286,3.25,2.769953052,2.919075145,0.681818182,,178,213,173,22,65.70087433,69.27127838,65.06018829,55.81771469,,578.5,590.0000001,505.0000001,15
39.21147794,-121.5660177,1884.558496,1884.290529,1888.827331,1885.747799,2.83919598,2.298245614,2.44278607,0.625,,199,228,201,24,72.24623108,72.92420197,80.39118195,103.0688019,,565,524,491.0000001,15
39.216665,-121.5739141,1883.122342,1884.201834,1890.292497,1882.525458,2.489949749,2.050884956,2.333333333,0.875,,199,226,189,24,69.82032776,75.70079041,80.58618164,108.6565628,,495.5000001,463.5000001,440.9999999,21
39.21848777,-121.5521737,1883.853419,1886.37551,1888.717432,1885.748444,2.494413408,2.350917431,2.40625,0.681818182,,179,218,192,22,70.72818756,71.3910675,78.49791718,105.2442703,,446.5,512.5,462,15
39.22012282,-121.5509115,1880.894157,1885.740558,1888.717432,1885.748444,2.486111111,2.984455959,2.590643275,0.517241379,,180,193,171,29,61.58356094,67.0105896,71.10808563,77.14672852,,447.5,576.0000001,443,14.99999999
39.22225063,-121.5728842,1881.518966,1884.880986,1889.759602,1883.449392,2.243315508,2.367256637,2.283505155,1,,187,226,194,15,69.84175873,70.13614655,80.24568176,75.44033813,,419.5,535,443.0000001,15
39.22304854,-121.555718,1880.894157,1885.740558,1888.717432,1885.748444,1.890374332,2.385321101,2.329949239,0.517241379,,187,218,197,29,72.86400604,74.64156342,78.23538208,107.3146591,,353.5000001,520,459.0000001,14.99999999
39.22796879,-121.5653311,1881.723325,1885.190461,1888.717432,1885.748444,1.820652174,2.276548673,2.223350254,0.636363636,,184,226,197,22,77.86414337,69.66323853,78.7736969,99.25202942,,335,514.5000001,438,13.99999999
